{"cameraMode":{"drawMode":0,"name":"Shaded","section":"Shading Mode"},"sceneLighting":false,"audioPlay":false,"sceneViewState":{"m_AlwaysRefresh":false,"showFog":true,"showSkybox":false,"showFlares":true,"showImageEffects":true,"showParticleSystems":true,"showVisualEffectGraphs":true,"m_FxEnabled":false},"in2DMode":false,"pivot":{"x":0.37484776973724368,"y":-0.8319467902183533,"z":0.22550596296787263},"rotation":{"x":0.3399842381477356,"y":0.6242743730545044,"z":-0.3467075228691101,"w":0.6120682954788208},"size":1.032751441001892,"orthographic":false}