{"cameraMode":{"drawMode":0,"name":"Shaded","section":"Shading Mode"},"sceneLighting":false,"audioPlay":false,"sceneViewState":{"m_AlwaysRefresh":false,"showFog":true,"showSkybox":false,"showFlares":true,"showImageEffects":true,"showParticleSystems":true,"showVisualEffectGraphs":true,"m_FxEnabled":false},"in2DMode":false,"pivot":{"x":-0.03867936134338379,"y":1.3980777263641358,"z":2.853846311569214},"rotation":{"x":-0.11879163235425949,"y":-0.03398175537586212,"z":-0.003922867123037577,"w":0.9926133155822754},"size":0.1640857607126236,"orthographic":false}